[
    {
        "date":"27/12/2023",
        "balance":"80",
        "movements":[
            {"id":"0", "client":"Frey Matias", "mecanico":"Matias Frey", "price":"180", "desc":"Service"},
            {"id":"1", "client":"Machuca mauricio", "mecanico":"Matias Frey", "price":"10000", "desc":"Mantenimiento"},
            {"id":"2", "client":"Machuca mauricio", "mecanico":"Matias Frey", "price":"61999", "desc":"Mantenimiento"}
        ]
    }
    ,{
        "date":"13/1/2024",
        "balance":"3290",
        "movements":[
            {"id":"0", "client":"marcos", "mecanico":"Matias Frey", "price":"1050", "desc":"empanada"},
            {"id":"1", "client":"jose", "mecanico":"Eduardo Frey", "price":"1040", "desc":"reparacion"},
            {"id":"2", "client":"Frey matias", "mecanico":"Matias Frey", "price":"1200", "desc":"Concepto"}
        ]
    }
    ,{
        "date":"18/1/2024",
        "balance":"0",
        "movements":[]
    }
    ,{
        "date":"22/1/2024",
        "balance":"0",
        "movements":[]
    }
    ,{
        "date":"7/2/2024",
        "balance":"0",
        "movements":[]
    }
    ,{
        "date":"8/2/2024",
        "balance":"0",
        "movements":[]
    }
    ,{
        "date":"9/2/2024",
        "balance":"0",
        "movements":[]
    }
    ,{
        "date":"10/2/2024",
        "balance":"0",
        "movements":[]
    }
    ,{
        "date":"11/2/2024",
        "balance":"0",
        "movements":[]
    }
    ,{
        "date":"12/2/2024",
        "balance":"0",
        "movements":[]
    }
    ,{
        "date":"13/2/2024",
        "balance":"0",
        "movements":[]
    }
]