[
    {
        "lcplate":"ABC995",
        "color":"blanco",
        "make":"chevrolet",
        "model":"onix",
        "type":"CUV",
        "year":"9811"
    },
    {
        "lcplate":"ZYX987",
        "color":"blanco",
        "make":"nissan",
        "model":"tsuru",
        "type":"sedan",
        "year":"9811"
    },
    {
        "lcplate":"AAA111",
        "color":"tricolor",
        "make":"chevrolet",
        "model":"corsa",
        "type":"sedan",
        "year":"1998"
    },
    {
        "lcplate":"ABC123",
        "color":"blanco",
        "make":"chevrolet",
        "model":"astra",
        "type":"sedan",
        "year":"1998"
    },
    {
        "lcplate":"MKS659",
        "color":"Rojo",
        "make":"Chevrolet",
        "model":"Astra",
        "type":"Sedan",
        "year":"1978"
    },
    {
        "lcplate":"MKJ090",
        "color":"Rojo",
        "make":"Chevrolet",
        "model":"Onix",
        "type":"CUV",
        "year":"1980"
    }
]