[
    {
        "id":"0",
        "customer":"Machuca mauricio",
        "lcplate":"ZYX987",
        "entrydt":"11/2/2024 , 5:50:46",
        "technician":"Eduardo Frey",
        "diagnostic":"Reparacion",
        "exitdt":"--/--/---- , --:--:--",
        "work":[
            {
                "item":"Inyector",
                "price":"200",
                "quantity":"1"
            }
            ,{
                "item":"Inyector",
                "price":"4000",
                "quantity":"20"
            }
        ],
        "price":"4200",
        "pd":"11/2/2024",
        "payed":"0",
        "status":"adeuda"
    }
]