[
    {
        "customer":"Frey Matias",
        "lcplate":"ABC995",
        "color":"blanco",
        "make":"chevrolet",
        "model":"onix",
        "type":"CUV",
        "year":"9811"
    },
    {
        "customer":"Frey Bautista",
        "lcplate":"ZYX987",
        "color":"blanco",
        "make":"nissan",
        "model":"tsuru",
        "type":"sedan",
        "year":"9811"
    },
    {
        "customer":"Frey Alejo",
        "lcplate":"AAA111",
        "color":"tricolor",
        "make":"chevrolet",
        "model":"corsa",
        "type":"sedan",
        "year":"1998"
    },
    {
        "customer":"Frey Alejo",
        "lcplate":"ABC123",
        "color":"blanco",
        "make":"chevrolet",
        "model":"astra",
        "type":"sedan",
        "year":"1998"
    }
]