[
    {
        "date":"29/11/2023",
        "balance":"+20000",
        "movements":[
            {"client":"Bosch", "mecanico":"Matias Frey", "price":"-30000", "desc":"pago de repuestos"},
            {"client":"Jorge Perez", "mecanico":"Matias Frey", "price":"+50000", "desc":"pago de trabajo"}
        ]
    }
    ,{
        "date":"30/11/2023",
        "balance":"-20000",
        "movements":[
            {"client":"Bosch", "mecanico":"Matias Frey", "price":"-20000", "desc":"pago de repuestos"}
        ]
    }
    ,{
        "date":"1/11/2023",
        "balance":"+20000",
        "movements":[
            {"client":"Bosch", "mecanico":"Matias Frey", "price":"+20000", "desc":"pago de repuestos"}
        ]
    }
]