[
    {
        "id":"0",
        "customer":"Marcos Gil",
        "lcplate":"MECO",
        "entrydt":"12/18/10 , 10:25:11",
        "diagnostic":"calibracion",
        "exitdt":"17/04/2023 , 19:50:31",
        "work":[
            {
                "item":"Ciguenal",
                "price":"10000",
                "quantity":"1"
            }
            ,{
                "item":"Piston",
                "price":"560",
                "quantity":"4"
            }
        ],
        "price":"10560",
        "pd":"",
        "status":"pagado"
    },
    {
        "id":"3",
        "customer":"Frey matias",
        "lcplate":"DOMINIO",
        "entrydt":"26/11/2023 , 20:44:30",
        "diagnostic":"Service",
        "exitdt":"--/--/---- , --:--:--",
        "work":[
            {
                "item":"Inyector",
                "price":"1000",
                "quantity":"5"
            }
            ,{
                "item":"Bomba",
                "price":"400",
                "quantity":"1"
            }
            ,{
                "item":"Piston",
                "price":"560",
                "quantity":"4"
            }
        ],
        "price":"1960",
        "pd":"13/12/2023",
        "status":"adeuda"
    },
    {
        "id":"4",
        "customer":"Frey alejo",
        "lcplate":"ABC995",
        "entrydt":"9/12/2023 , 18:48:59",
        "diagnostic":"Service",
        "exitdt":"--/--/---- , --:--:--",
        "work":[
            {
                "item":"Bomba",
                "price":"400",
                "quantity":"1"
            }
            ,{
                "item":"Piston",
                "price":"1680",
                "quantity":"12"
            }
        ],
        "price":"2080",
        "pd":"13/12/2023",
        "status":"adeuda"
    },
    {
        "id":"2",
        "customer":"Rodriguez Raul",
        "lcplate":"AAA101",
        "entrydt":"16/5/2023 , 1:55:10",
        "diagnostic":"Reparacion",
        "exitdt":"--/--/---- , --:--:--",
        "work":[
            {
                "item":"Piston",
                "price":"560",
                "quantity":"4"
            }
            ,{
                "item":"Ciguenal",
                "price":"10000",
                "quantity":"1"
            }
        ],
        "price":"10560",
        "pd":"13/12/2023",
        "status":"adeuda"
    }
]