[
    {
        "id":"0",
        "customer":"Frey matias",
        "lcplate":"ABC123",
        "entrydt":"16/4/2023 , 19:50:31",
        "diagnostic":"Reparacion",
        "exitdt":"26/11/2023 , 20:36:9",
        "work":[
            {
                "item":"Piston",
                "price":"320",
                "quantity":"4"
            }
            ,{
                "item":"Ciguenal",
                "price":"1000",
                "quantity":"1"
            }
            ,{
                "item":"Valvula",
                "price":"480",
                "quantity":"8"
            }
            ,{
                "item":"Mano de obra",
                "price":"1000",
                "quantity":"1"
            }
        ],
        "price":"2800",
        "status":"adeuda"
    },
    {
        "id":"1",
        "customer":"Machuca mauricio",
        "lcplate":"AAA111",
        "entrydt":"16/4/2023 , 20:57:35",
        "diagnostic":"Reparacion",
        "exitdt":"26/11/2023 , 20:36:9",
        "work":[
            {
                "item":"Piston",
                "price":"400",
                "quantity":"4"
            }
            ,{
                "item":"Ciguenal",
                "price":"1000",
                "quantity":"1"
            }
            ,{
                "item":"Valvula",
                "price":"640",
                "quantity":"8"
            }
            ,{
                "item":"Mano de obra",
                "price":"1000",
                "quantity":"1"
            }
        ],
        "price":"3040",
        "status":"adeuda"
    }
]